crawled_count,saved_count,category,virtual_web_count,target_len,timestamp
10,0,health,21,2.0,1700246631685264550
10,0,education,21,2.0,1700246631685264550
10,0,Agriculture,21,2.0,1700246631685264550
10,0,technology,21,2.0,1700246631685264550
10,0,transport,21,2.0,1700246631685264550
10,2,climate_environment,21,2.0,1700246631685264550
10,0,finance,21,2.0,1700246631685264550
20,0,health,21,4.25,1700246698464585625
20,0,education,21,4.25,1700246698464585625
20,0,Agriculture,21,4.25,1700246698464585625
20,0,technology,21,4.25,1700246698464585625
20,0,transport,21,4.25,1700246698464585625
20,4,climate_environment,21,4.25,1700246698464585625
20,0,finance,21,4.25,1700246698464585625
30,0,health,21,4.5,1700246777873808333
30,2,education,21,4.5,1700246777873808333
30,0,Agriculture,21,4.5,1700246777873808333
30,0,technology,21,4.5,1700246777873808333
30,0,transport,21,4.5,1700246777873808333
30,4,climate_environment,21,4.5,1700246777873808333
30,0,finance,21,4.5,1700246777873808333
40,1,health,21,3.7777777777777777,1700246828365681861
40,2,education,21,3.7777777777777777,1700246828365681861
40,0,Agriculture,21,3.7777777777777777,1700246828365681861
40,0,technology,21,3.7777777777777777,1700246828365681861
40,0,transport,21,3.7777777777777777,1700246828365681861
40,6,climate_environment,21,3.7777777777777777,1700246828365681861
40,0,finance,21,3.7777777777777777,1700246828365681861
50,2,health,21,3.8333333333333335,1700246885548162394
50,2,education,21,3.8333333333333335,1700246885548162394
50,0,Agriculture,21,3.8333333333333335,1700246885548162394
50,0,technology,21,3.8333333333333335,1700246885548162394
50,0,transport,21,3.8333333333333335,1700246885548162394
50,8,climate_environment,21,3.8333333333333335,1700246885548162394
50,0,finance,21,3.8333333333333335,1700246885548162394
60,2,health,21,4.3076923076923075,1700246927729127202
60,2,education,21,4.3076923076923075,1700246927729127202
60,0,Agriculture,21,4.3076923076923075,1700246927729127202
60,0,technology,21,4.3076923076923075,1700246927729127202
60,0,transport,21,4.3076923076923075,1700246927729127202
60,9,climate_environment,21,4.3076923076923075,1700246927729127202
60,0,finance,21,4.3076923076923075,1700246927729127202
70,2,health,21,4.6,1700246977306906841
70,2,education,21,4.6,1700246977306906841
70,0,Agriculture,21,4.6,1700246977306906841
70,0,technology,21,4.6,1700246977306906841
70,0,transport,21,4.6,1700246977306906841
70,11,climate_environment,21,4.6,1700246977306906841
70,0,finance,21,4.6,1700246977306906841
80,3,health,21,4.055555555555555,1700247021959621166
80,2,education,21,4.055555555555555,1700247021959621166
80,0,Agriculture,21,4.055555555555555,1700247021959621166
80,1,technology,21,4.055555555555555,1700247021959621166
80,0,transport,21,4.055555555555555,1700247021959621166
80,12,climate_environment,21,4.055555555555555,1700247021959621166
80,0,finance,21,4.055555555555555,1700247021959621166
90,3,health,21,3.9545454545454546,1700247088925965009
90,2,education,21,3.9545454545454546,1700247088925965009
90,1,Agriculture,21,3.9545454545454546,1700247088925965009
90,1,technology,21,3.9545454545454546,1700247088925965009
90,0,transport,21,3.9545454545454546,1700247088925965009
90,15,climate_environment,21,3.9545454545454546,1700247088925965009
90,0,finance,21,3.9545454545454546,1700247088925965009
100,3,health,21,3.7916666666666665,1700247143204126990
100,2,education,21,3.7916666666666665,1700247143204126990
100,1,Agriculture,21,3.7916666666666665,1700247143204126990
100,1,technology,21,3.7916666666666665,1700247143204126990
100,0,transport,21,3.7916666666666665,1700247143204126990
100,17,climate_environment,21,3.7916666666666665,1700247143204126990
100,0,finance,21,3.7916666666666665,1700247143204126990
110,3,health,42,3.7586206896551726,1700247198747374623
110,2,education,42,3.7586206896551726,1700247198747374623
110,1,Agriculture,42,3.7586206896551726,1700247198747374623
110,1,technology,42,3.7586206896551726,1700247198747374623
110,0,transport,42,3.7586206896551726,1700247198747374623
110,22,climate_environment,42,3.7586206896551726,1700247198747374623
110,0,finance,42,3.7586206896551726,1700247198747374623
120,3,health,42,3.806451612903226,1700247268370912696
120,2,education,42,3.806451612903226,1700247268370912696
120,1,Agriculture,42,3.806451612903226,1700247268370912696
120,1,technology,42,3.806451612903226,1700247268370912696
120,0,transport,42,3.806451612903226,1700247268370912696
120,24,climate_environment,42,3.806451612903226,1700247268370912696
120,0,finance,42,3.806451612903226,1700247268370912696
130,3,health,42,3.878787878787879,1700247328325417148
130,2,education,42,3.878787878787879,1700247328325417148
130,1,Agriculture,42,3.878787878787879,1700247328325417148
130,1,technology,42,3.878787878787879,1700247328325417148
130,0,transport,42,3.878787878787879,1700247328325417148
130,26,climate_environment,42,3.878787878787879,1700247328325417148
130,0,finance,42,3.878787878787879,1700247328325417148
140,3,health,42,3.8823529411764706,1700247369655774924
140,2,education,42,3.8823529411764706,1700247369655774924
140,2,Agriculture,42,3.8823529411764706,1700247369655774924
140,1,technology,42,3.8823529411764706,1700247369655774924
140,0,transport,42,3.8823529411764706,1700247369655774924
140,26,climate_environment,42,3.8823529411764706,1700247369655774924
140,0,finance,42,3.8823529411764706,1700247369655774924
150,3,health,42,3.972972972972973,1700247438928052745
150,2,education,42,3.972972972972973,1700247438928052745
150,2,Agriculture,42,3.972972972972973,1700247438928052745
150,1,technology,42,3.972972972972973,1700247438928052745
150,0,transport,42,3.972972972972973,1700247438928052745
150,29,climate_environment,42,3.972972972972973,1700247438928052745
150,0,finance,42,3.972972972972973,1700247438928052745
160,3,health,42,0.3243243243243243,1703593603101960659
160,2,education,42,0.3243243243243243,1703593603101960659
160,2,Agriculture,42,0.3243243243243243,1703593603101960659
160,1,technology,42,0.3243243243243243,1703593603101960659
160,0,transport,42,0.3243243243243243,1703593603101960659
160,32,climate_environment,42,0.3243243243243243,1703593603101960659
160,0,finance,42,0.3243243243243243,1703593603101960659
170,3,health,42,0.3243243243243243,1703593648185039455
170,2,education,42,0.3243243243243243,1703593648185039455
170,2,Agriculture,42,0.3243243243243243,1703593648185039455
170,1,technology,42,0.3243243243243243,1703593648185039455
170,0,transport,42,0.3243243243243243,1703593648185039455
170,32,climate_environment,42,0.3243243243243243,1703593648185039455
170,0,finance,42,0.3243243243243243,1703593648185039455
180,3,health,42,0.7435575109993714,1703593690799399309
180,3,education,42,0.7435575109993714,1703593690799399309
180,2,Agriculture,42,0.7435575109993714,1703593690799399309
180,1,technology,42,0.7435575109993714,1703593690799399309
180,0,transport,42,0.7435575109993714,1703593690799399309
180,34,climate_environment,42,0.7435575109993714,1703593690799399309
180,0,finance,42,0.7435575109993714,1703593690799399309
190,3,health,42,0.8438438438438437,1703593731891645193
190,3,education,42,0.8438438438438437,1703593731891645193
190,2,Agriculture,42,0.8438438438438437,1703593731891645193
190,1,technology,42,0.8438438438438437,1703593731891645193
190,0,transport,42,0.8438438438438437,1703593731891645193
190,36,climate_environment,42,0.8438438438438437,1703593731891645193
190,0,finance,42,0.8438438438438437,1703593731891645193
200,3,health,63,1.1270845313398503,1703593773240401333
200,4,education,63,1.1270845313398503,1703593773240401333
200,2,Agriculture,63,1.1270845313398503,1703593773240401333
200,1,technology,63,1.1270845313398503,1703593773240401333
200,0,transport,63,1.1270845313398503,1703593773240401333
200,37,climate_environment,63,1.1270845313398503,1703593773240401333
200,0,finance,63,1.1270845313398503,1703593773240401333
210,3,health,63,1.186936936936937,1703593819471076565
210,4,education,63,1.186936936936937,1703593819471076565
210,2,Agriculture,63,1.186936936936937,1703593819471076565
210,1,technology,63,1.186936936936937,1703593819471076565
210,0,transport,63,1.186936936936937,1703593819471076565
210,38,climate_environment,63,1.186936936936937,1703593819471076565
210,0,finance,63,1.186936936936937,1703593819471076565
220,3,health,63,1.3916269210386856,1703593864179208225
220,4,education,63,1.3916269210386856,1703593864179208225
220,2,Agriculture,63,1.3916269210386856,1703593864179208225
220,1,technology,63,1.3916269210386856,1703593864179208225
220,0,transport,63,1.3916269210386856,1703593864179208225
220,41,climate_environment,63,1.3916269210386856,1703593864179208225
220,0,finance,63,1.3916269210386856,1703593864179208225
230,3,health,63,1.5764033264033264,1703593900751700044
230,4,education,63,1.5764033264033264,1703593900751700044
230,2,Agriculture,63,1.5764033264033264,1703593900751700044
230,1,technology,63,1.5764033264033264,1703593900751700044
230,0,transport,63,1.5764033264033264,1703593900751700044
230,42,climate_environment,63,1.5764033264033264,1703593900751700044
230,0,finance,63,1.5764033264033264,1703593900751700044
240,3,health,63,1.6176904176904177,1703593950917613068
240,4,education,63,1.6176904176904177,1703593950917613068
240,2,Agriculture,63,1.6176904176904177,1703593950917613068
240,1,technology,63,1.6176904176904177,1703593950917613068
240,0,transport,63,1.6176904176904177,1703593950917613068
240,45,climate_environment,63,1.6176904176904177,1703593950917613068
240,0,finance,63,1.6176904176904177,1703593950917613068
250,3,health,63,1.678088803088803,1703593995400573142
250,4,education,63,1.678088803088803,1703593995400573142
250,2,Agriculture,63,1.678088803088803,1703593995400573142
250,2,technology,63,1.678088803088803,1703593995400573142
250,0,transport,63,1.678088803088803,1703593995400573142
250,45,climate_environment,63,1.678088803088803,1703593995400573142
250,0,finance,63,1.678088803088803,1703593995400573142
260,3,health,63,1.913327120223672,1703594041354608215
260,4,education,63,1.913327120223672,1703594041354608215
260,2,Agriculture,63,1.913327120223672,1703594041354608215
260,2,technology,63,1.913327120223672,1703594041354608215
260,0,transport,63,1.913327120223672,1703594041354608215
260,47,climate_environment,63,1.913327120223672,1703594041354608215
260,0,finance,63,1.913327120223672,1703594041354608215
270,4,health,63,1.9825927622537791,1703594078672596096
270,4,education,63,1.9825927622537791,1703594078672596096
270,2,Agriculture,63,1.9825927622537791,1703594078672596096
270,2,technology,63,1.9825927622537791,1703594078672596096
270,0,transport,63,1.9825927622537791,1703594078672596096
270,47,climate_environment,63,1.9825927622537791,1703594078672596096
270,0,finance,63,1.9825927622537791,1703594078672596096
280,4,health,63,2.1995495495495496,1703594129302646563
280,4,education,63,2.1995495495495496,1703594129302646563
280,2,Agriculture,63,2.1995495495495496,1703594129302646563
280,2,technology,63,2.1995495495495496,1703594129302646563
280,0,transport,63,2.1995495495495496,1703594129302646563
280,48,climate_environment,63,2.1995495495495496,1703594129302646563
280,0,finance,63,2.1995495495495496,1703594129302646563
290,4,health,63,2.2535392535392536,1703594169695385903
290,4,education,63,2.2535392535392536,1703594169695385903
290,3,Agriculture,63,2.2535392535392536,1703594169695385903
290,2,technology,63,2.2535392535392536,1703594169695385903
290,0,transport,63,2.2535392535392536,1703594169695385903
290,50,climate_environment,63,2.2535392535392536,1703594169695385903
290,0,finance,63,2.2535392535392536,1703594169695385903
300,4,health,63,2.3745777027027026,1703594213315361457
300,4,education,63,2.3745777027027026,1703594213315361457
300,4,Agriculture,63,2.3745777027027026,1703594213315361457
300,2,technology,63,2.3745777027027026,1703594213315361457
300,0,transport,63,2.3745777027027026,1703594213315361457
300,50,climate_environment,63,2.3745777027027026,1703594213315361457
300,0,finance,63,2.3745777027027026,1703594213315361457
310,4,health,63,2.352543720190779,1703594251679399473
310,4,education,63,2.352543720190779,1703594251679399473
310,4,Agriculture,63,2.352543720190779,1703594251679399473
310,2,technology,63,2.352543720190779,1703594251679399473
310,0,transport,63,2.352543720190779,1703594251679399473
310,54,climate_environment,63,2.352543720190779,1703594251679399473
310,0,finance,63,2.352543720190779,1703594251679399473
320,4,health,84,2.413899613899614,1703594307404752501
320,4,education,84,2.413899613899614,1703594307404752501
320,4,Agriculture,84,2.413899613899614,1703594307404752501
320,2,technology,84,2.413899613899614,1703594307404752501
320,0,transport,84,2.413899613899614,1703594307404752501
320,56,climate_environment,84,2.413899613899614,1703594307404752501
320,0,finance,84,2.413899613899614,1703594307404752501
330,5,health,84,2.4242873009996297,1703594347424570154
330,4,education,84,2.4242873009996297,1703594347424570154
330,4,Agriculture,84,2.4242873009996297,1703594347424570154
330,3,technology,84,2.4242873009996297,1703594347424570154
330,0,transport,84,2.4242873009996297,1703594347424570154
330,57,climate_environment,84,2.4242873009996297,1703594347424570154
330,0,finance,84,2.4242873009996297,1703594347424570154
340,5,health,84,2.4861212563915265,1703594393788719774
340,5,education,84,2.4861212563915265,1703594393788719774
340,4,Agriculture,84,2.4861212563915265,1703594393788719774
340,3,technology,84,2.4861212563915265,1703594393788719774
340,0,transport,84,2.4861212563915265,1703594393788719774
340,57,climate_environment,84,2.4861212563915265,1703594393788719774
340,0,finance,84,2.4861212563915265,1703594393788719774
350,6,health,84,2.5371621621621623,1703594432121908322
350,5,education,84,2.5371621621621623,1703594432121908322
350,4,Agriculture,84,2.5371621621621623,1703594432121908322
350,4,technology,84,2.5371621621621623,1703594432121908322
350,0,transport,84,2.5371621621621623,1703594432121908322
350,61,climate_environment,84,2.5371621621621623,1703594432121908322
350,0,finance,84,2.5371621621621623,1703594432121908322
360,6,health,84,2.5305305305305303,1703594478502648736
360,5,education,84,2.5305305305305303,1703594478502648736
360,4,Agriculture,84,2.5305305305305303,1703594478502648736
360,4,technology,84,2.5305305305305303,1703594478502648736
360,0,transport,84,2.5305305305305303,1703594478502648736
360,62,climate_environment,84,2.5305305305305303,1703594478502648736
360,0,finance,84,2.5305305305305303,1703594478502648736
370,6,health,84,2.505314303067112,1703594526642361267
370,5,education,84,2.505314303067112,1703594526642361267
370,6,Agriculture,84,2.505314303067112,1703594526642361267
370,5,technology,84,2.505314303067112,1703594526642361267
370,0,transport,84,2.505314303067112,1703594526642361267
370,67,climate_environment,84,2.505314303067112,1703594526642361267
370,0,finance,84,2.505314303067112,1703594526642361267
380,6,health,84,2.505314303067112,1703594562461477587
380,5,education,84,2.505314303067112,1703594562461477587
380,6,Agriculture,84,2.505314303067112,1703594562461477587
380,5,technology,84,2.505314303067112,1703594562461477587
380,0,transport,84,2.505314303067112,1703594562461477587
380,67,climate_environment,84,2.505314303067112,1703594562461477587
380,0,finance,84,2.505314303067112,1703594562461477587
390,6,health,105,2.655255255255255,1703594612568120512
390,6,education,105,2.655255255255255,1703594612568120512
390,6,Agriculture,105,2.655255255255255,1703594612568120512
390,5,technology,105,2.655255255255255,1703594612568120512
390,0,transport,105,2.655255255255255,1703594612568120512
390,67,climate_environment,105,2.655255255255255,1703594612568120512
390,0,finance,105,2.655255255255255,1703594612568120512
400,6,health,105,2.735966735966736,1703594655646582658
400,6,education,105,2.735966735966736,1703594655646582658
400,6,Agriculture,105,2.735966735966736,1703594655646582658
400,5,technology,105,2.735966735966736,1703594655646582658
400,0,transport,105,2.735966735966736,1703594655646582658
400,68,climate_environment,105,2.735966735966736,1703594655646582658
400,0,finance,105,2.735966735966736,1703594655646582658
410,6,health,105,2.7763082231167338,1703594703560712685
410,6,education,105,2.7763082231167338,1703594703560712685
410,6,Agriculture,105,2.7763082231167338,1703594703560712685
410,6,technology,105,2.7763082231167338,1703594703560712685
410,0,transport,105,2.7763082231167338,1703594703560712685
410,70,climate_environment,105,2.7763082231167338,1703594703560712685
410,0,finance,105,2.7763082231167338,1703594703560712685
420,6,health,105,2.8122184684684686,1703594743305368559
420,6,education,105,2.8122184684684686,1703594743305368559
420,6,Agriculture,105,2.8122184684684686,1703594743305368559
420,6,technology,105,2.8122184684684686,1703594743305368559
420,0,transport,105,2.8122184684684686,1703594743305368559
420,72,climate_environment,105,2.8122184684684686,1703594743305368559
420,0,finance,105,2.8122184684684686,1703594743305368559
430,6,health,105,2.8297297297297295,1703594804247977153
430,7,education,105,2.8297297297297295,1703594804247977153
430,6,Agriculture,105,2.8297297297297295,1703594804247977153
430,6,technology,105,2.8297297297297295,1703594804247977153
430,0,transport,105,2.8297297297297295,1703594804247977153
430,75,climate_environment,105,2.8297297297297295,1703594804247977153
430,0,finance,105,2.8297297297297295,1703594804247977153
440,6,health,105,2.8512175541878513,1703594836968807256
440,7,education,105,2.8512175541878513,1703594836968807256
440,6,Agriculture,105,2.8512175541878513,1703594836968807256
440,6,technology,105,2.8512175541878513,1703594836968807256
440,0,transport,105,2.8512175541878513,1703594836968807256
440,76,climate_environment,105,2.8512175541878513,1703594836968807256
440,0,finance,105,2.8512175541878513,1703594836968807256
450,6,health,105,2.9317764366308054,1703594884630303782
450,7,education,105,2.9317764366308054,1703594884630303782
450,6,Agriculture,105,2.9317764366308054,1703594884630303782
450,6,technology,105,2.9317764366308054,1703594884630303782
450,0,transport,105,2.9317764366308054,1703594884630303782
450,78,climate_environment,105,2.9317764366308054,1703594884630303782
450,0,finance,105,2.9317764366308054,1703594884630303782
460,6,health,105,2.9317764366308054,1703594920605000508
460,7,education,105,2.9317764366308054,1703594920605000508
460,6,Agriculture,105,2.9317764366308054,1703594920605000508
460,6,technology,105,2.9317764366308054,1703594920605000508
460,0,transport,105,2.9317764366308054,1703594920605000508
460,78,climate_environment,105,2.9317764366308054,1703594920605000508
460,0,finance,105,2.9317764366308054,1703594920605000508
470,6,health,105,3.075933075933076,1703594971733798100
470,7,education,105,3.075933075933076,1703594971733798100
470,6,Agriculture,105,3.075933075933076,1703594971733798100
470,6,technology,105,3.075933075933076,1703594971733798100
470,0,transport,105,3.075933075933076,1703594971733798100
470,80,climate_environment,105,3.075933075933076,1703594971733798100
470,0,finance,105,3.075933075933076,1703594971733798100
480,6,health,105,3.075933075933076,1703595013577528420
480,7,education,105,3.075933075933076,1703595013577528420
480,6,Agriculture,105,3.075933075933076,1703595013577528420
480,6,technology,105,3.075933075933076,1703595013577528420
480,0,transport,105,3.075933075933076,1703595013577528420
480,80,climate_environment,105,3.075933075933076,1703595013577528420
480,0,finance,105,3.075933075933076,1703595013577528420
490,6,health,105,3.1664164164164164,1703595057731243479
490,7,education,105,3.1664164164164164,1703595057731243479
490,6,Agriculture,105,3.1664164164164164,1703595057731243479
490,6,technology,105,3.1664164164164164,1703595057731243479
490,0,transport,105,3.1664164164164164,1703595057731243479
490,83,climate_environment,105,3.1664164164164164,1703595057731243479
490,0,finance,105,3.1664164164164164,1703595057731243479
500,10,health,105,3.078710289236605,1703595096184484071
500,7,education,105,3.078710289236605,1703595096184484071
500,6,Agriculture,105,3.078710289236605,1703595096184484071
500,8,technology,105,3.078710289236605,1703595096184484071
500,0,transport,105,3.078710289236605,1703595096184484071
500,83,climate_environment,105,3.078710289236605,1703595096184484071
500,0,finance,105,3.078710289236605,1703595096184484071
510,10,health,126,3.0937860937860937,1703595139791728607
510,7,education,126,3.0937860937860937,1703595139791728607
510,6,Agriculture,126,3.0937860937860937,1703595139791728607
510,8,technology,126,3.0937860937860937,1703595139791728607
510,0,transport,126,3.0937860937860937,1703595139791728607
510,84,climate_environment,126,3.0937860937860937,1703595139791728607
510,2,finance,126,3.0937860937860937,1703595139791728607
520,11,health,126,3.0922098569157392,1703595199332736836
520,7,education,126,3.0922098569157392,1703595199332736836
520,6,Agriculture,126,3.0922098569157392,1703595199332736836
520,8,technology,126,3.0922098569157392,1703595199332736836
520,0,transport,126,3.0922098569157392,1703595199332736836
520,85,climate_environment,126,3.0922098569157392,1703595199332736836
520,2,finance,126,3.0922098569157392,1703595199332736836
530,11,health,126,3.1914414414414414,1703595277457783307
530,7,education,126,3.1914414414414414,1703595277457783307
530,6,Agriculture,126,3.1914414414414414,1703595277457783307
530,8,technology,126,3.1914414414414414,1703595277457783307
530,0,transport,126,3.1914414414414414,1703595277457783307
530,86,climate_environment,126,3.1914414414414414,1703595277457783307
530,2,finance,126,3.1914414414414414,1703595277457783307
540,11,health,126,3.1542518127883983,1703595313778116935
540,7,education,126,3.1542518127883983,1703595313778116935
540,6,Agriculture,126,3.1542518127883983,1703595313778116935
540,8,technology,126,3.1542518127883983,1703595313778116935
540,0,transport,126,3.1542518127883983,1703595313778116935
540,87,climate_environment,126,3.1542518127883983,1703595313778116935
540,4,finance,126,3.1542518127883983,1703595313778116935
550,11,health,126,3.1933304272013947,1703595361551173802
550,7,education,126,3.1933304272013947,1703595361551173802
550,6,Agriculture,126,3.1933304272013947,1703595361551173802
550,8,technology,126,3.1933304272013947,1703595361551173802
550,0,transport,126,3.1933304272013947,1703595361551173802
550,88,climate_environment,126,3.1933304272013947,1703595361551173802
550,4,finance,126,3.1933304272013947,1703595361551173802
560,12,health,126,3.2557837837837837,1703595400790031683
560,7,education,126,3.2557837837837837,1703595400790031683
560,6,Agriculture,126,3.2557837837837837,1703595400790031683
560,8,technology,126,3.2557837837837837,1703595400790031683
560,0,transport,126,3.2557837837837837,1703595400790031683
560,88,climate_environment,126,3.2557837837837837,1703595400790031683
560,4,finance,126,3.2557837837837837,1703595400790031683
570,12,health,126,3.2854997854997854,1703595442773350586
570,7,education,126,3.2854997854997854,1703595442773350586
570,6,Agriculture,126,3.2854997854997854,1703595442773350586
570,8,technology,126,3.2854997854997854,1703595442773350586
570,0,transport,126,3.2854997854997854,1703595442773350586
570,89,climate_environment,126,3.2854997854997854,1703595442773350586
570,4,finance,126,3.2854997854997854,1703595442773350586
580,12,health,126,3.1923923923923923,1703595490030002734
580,9,education,126,3.1923923923923923,1703595490030002734
580,6,Agriculture,126,3.1923923923923923,1703595490030002734
580,8,technology,126,3.1923923923923923,1703595490030002734
580,0,transport,126,3.1923923923923923,1703595490030002734
580,96,climate_environment,126,3.1923923923923923,1703595490030002734
580,4,finance,126,3.1923923923923923,1703595490030002734
590,12,health,126,3.211481554547248,1703595530620433456
590,9,education,126,3.211481554547248,1703595530620433456
590,6,Agriculture,126,3.211481554547248,1703595530620433456
590,8,technology,126,3.211481554547248,1703595530620433456
590,0,transport,126,3.211481554547248,1703595530620433456
590,98,climate_environment,126,3.211481554547248,1703595530620433456
590,4,finance,126,3.211481554547248,1703595530620433456
600,12,health,147,3.2156328990861365,1703595575943834583
600,9,education,147,3.2156328990861365,1703595575943834583
600,6,Agriculture,147,3.2156328990861365,1703595575943834583
600,8,technology,147,3.2156328990861365,1703595575943834583
600,0,transport,147,3.2156328990861365,1703595575943834583
600,100,climate_environment,147,3.2156328990861365,1703595575943834583
600,4,finance,147,3.2156328990861365,1703595575943834583
610,12,health,147,3.242664092664093,1703595610218531706
610,9,education,147,3.242664092664093,1703595610218531706
610,6,Agriculture,147,3.242664092664093,1703595610218531706
610,8,technology,147,3.242664092664093,1703595610218531706
610,0,transport,147,3.242664092664093,1703595610218531706
610,101,climate_environment,147,3.242664092664093,1703595610218531706
610,4,finance,147,3.242664092664093,1703595610218531706
620,12,health,147,3.330795584316711,1703595664874134055
620,9,education,147,3.330795584316711,1703595664874134055
620,6,Agriculture,147,3.330795584316711,1703595664874134055
620,9,technology,147,3.330795584316711,1703595664874134055
620,0,transport,147,3.330795584316711,1703595664874134055
620,102,climate_environment,147,3.330795584316711,1703595664874134055
620,4,finance,147,3.330795584316711,1703595664874134055
630,12,health,147,3.330795584316711,1703595722800313967
630,9,education,147,3.330795584316711,1703595722800313967
630,6,Agriculture,147,3.330795584316711,1703595722800313967
630,9,technology,147,3.330795584316711,1703595722800313967
630,0,transport,147,3.330795584316711,1703595722800313967
630,102,climate_environment,147,3.330795584316711,1703595722800313967
630,4,finance,147,3.330795584316711,1703595722800313967
640,13,health,147,3.416478978978979,1703595784240148871
640,9,education,147,3.416478978978979,1703595784240148871
640,6,Agriculture,147,3.416478978978979,1703595784240148871
640,9,technology,147,3.416478978978979,1703595784240148871
640,1,transport,147,3.416478978978979,1703595784240148871
640,102,climate_environment,147,3.416478978978979,1703595784240148871
640,4,finance,147,3.416478978978979,1703595784240148871
650,13,health,147,3.416478978978979,1703595832002212610
650,9,education,147,3.416478978978979,1703595832002212610
650,6,Agriculture,147,3.416478978978979,1703595832002212610
650,9,technology,147,3.416478978978979,1703595832002212610
650,1,transport,147,3.416478978978979,1703595832002212610
650,102,climate_environment,147,3.416478978978979,1703595832002212610
650,4,finance,147,3.416478978978979,1703595832002212610
660,13,health,147,3.4896120610406323,1703595891232239489
660,10,education,147,3.4896120610406323,1703595891232239489
660,6,Agriculture,147,3.4896120610406323,1703595891232239489
660,9,technology,147,3.4896120610406323,1703595891232239489
660,1,transport,147,3.4896120610406323,1703595891232239489
660,104,climate_environment,147,3.4896120610406323,1703595891232239489
660,4,finance,147,3.4896120610406323,1703595891232239489
670,13,health,147,3.4896120610406323,1703595928937653250
670,10,education,147,3.4896120610406323,1703595928937653250
670,6,Agriculture,147,3.4896120610406323,1703595928937653250
670,9,technology,147,3.4896120610406323,1703595928937653250
670,1,transport,147,3.4896120610406323,1703595928937653250
670,104,climate_environment,147,3.4896120610406323,1703595928937653250
670,4,finance,147,3.4896120610406323,1703595928937653250
680,13,health,147,3.4896120610406323,1703595970718536047
680,10,education,147,3.4896120610406323,1703595970718536047
680,6,Agriculture,147,3.4896120610406323,1703595970718536047
680,9,technology,147,3.4896120610406323,1703595970718536047
680,1,transport,147,3.4896120610406323,1703595970718536047
680,104,climate_environment,147,3.4896120610406323,1703595970718536047
680,4,finance,147,3.4896120610406323,1703595970718536047
690,13,health,147,3.6619795471146817,1703596015369078915
690,10,education,147,3.6619795471146817,1703596015369078915
690,6,Agriculture,147,3.6619795471146817,1703596015369078915
690,9,technology,147,3.6619795471146817,1703596015369078915
690,1,transport,147,3.6619795471146817,1703596015369078915
690,105,climate_environment,147,3.6619795471146817,1703596015369078915
690,4,finance,147,3.6619795471146817,1703596015369078915
700,13,health,168,3.6978051877380733,1703596060043811306
700,10,education,168,3.6978051877380733,1703596060043811306
700,6,Agriculture,168,3.6978051877380733,1703596060043811306
700,9,technology,168,3.6978051877380733,1703596060043811306
700,1,transport,168,3.6978051877380733,1703596060043811306
700,106,climate_environment,168,3.6978051877380733,1703596060043811306
700,4,finance,168,3.6978051877380733,1703596060043811306
710,13,health,168,3.7398198198198194,1703596094595488911
710,10,education,168,3.7398198198198194,1703596094595488911
710,6,Agriculture,168,3.7398198198198194,1703596094595488911
710,9,technology,168,3.7398198198198194,1703596094595488911
710,1,transport,168,3.7398198198198194,1703596094595488911
710,107,climate_environment,168,3.7398198198198194,1703596094595488911
710,4,finance,168,3.7398198198198194,1703596094595488911
720,13,health,168,3.78127796670843,1703596137486122249
720,10,education,168,3.78127796670843,1703596137486122249
720,6,Agriculture,168,3.78127796670843,1703596137486122249
720,10,technology,168,3.78127796670843,1703596137486122249
720,1,transport,168,3.78127796670843,1703596137486122249
720,107,climate_environment,168,3.78127796670843,1703596137486122249
720,4,finance,168,3.78127796670843,1703596137486122249
730,13,health,168,3.782716927453769,1703596215101339447
730,10,education,168,3.782716927453769,1703596215101339447
730,6,Agriculture,168,3.782716927453769,1703596215101339447
730,10,technology,168,3.782716927453769,1703596215101339447
730,1,transport,168,3.782716927453769,1703596215101339447
730,108,climate_environment,168,3.782716927453769,1703596215101339447
730,4,finance,168,3.782716927453769,1703596215101339447
740,13,health,168,3.8364246599540714,1703596263788753662
740,10,education,168,3.8364246599540714,1703596263788753662
740,6,Agriculture,168,3.8364246599540714,1703596263788753662
740,10,technology,168,3.8364246599540714,1703596263788753662
740,1,transport,168,3.8364246599540714,1703596263788753662
740,109,climate_environment,168,3.8364246599540714,1703596263788753662
740,4,finance,168,3.8364246599540714,1703596263788753662
750,13,health,168,3.8643417611159543,1703596306583078164
750,10,education,168,3.8643417611159543,1703596306583078164
750,6,Agriculture,168,3.8643417611159543,1703596306583078164
750,10,technology,168,3.8643417611159543,1703596306583078164
750,1,transport,168,3.8643417611159543,1703596306583078164
750,111,climate_environment,168,3.8643417611159543,1703596306583078164
750,4,finance,168,3.8643417611159543,1703596306583078164
760,13,health,168,3.8844421344421343,1703596352217110622
760,10,education,168,3.8844421344421343,1703596352217110622
760,6,Agriculture,168,3.8844421344421343,1703596352217110622
760,10,technology,168,3.8844421344421343,1703596352217110622
760,1,transport,168,3.8844421344421343,1703596352217110622
760,112,climate_environment,168,3.8844421344421343,1703596352217110622
760,4,finance,168,3.8844421344421343,1703596352217110622
770,13,health,168,3.880333163352031,1703596390169974320
770,10,education,168,3.880333163352031,1703596390169974320
770,6,Agriculture,168,3.880333163352031,1703596390169974320
770,10,technology,168,3.880333163352031,1703596390169974320
770,1,transport,168,3.880333163352031,1703596390169974320
770,114,climate_environment,168,3.880333163352031,1703596390169974320
770,5,finance,168,3.880333163352031,1703596390169974320
780,13,health,168,3.9123310810810805,1703596437066686567
780,10,education,168,3.9123310810810805,1703596437066686567
780,6,Agriculture,168,3.9123310810810805,1703596437066686567
780,10,technology,168,3.9123310810810805,1703596437066686567
780,1,transport,168,3.9123310810810805,1703596437066686567
780,115,climate_environment,168,3.9123310810810805,1703596437066686567
780,5,finance,168,3.9123310810810805,1703596437066686567
790,13,health,168,3.920079588791245,1703596483356824244
790,11,education,168,3.920079588791245,1703596483356824244
790,6,Agriculture,168,3.920079588791245,1703596483356824244
790,10,technology,168,3.920079588791245,1703596483356824244
790,1,transport,168,3.920079588791245,1703596483356824244
790,117,climate_environment,168,3.920079588791245,1703596483356824244
790,5,finance,168,3.920079588791245,1703596483356824244
800,13,health,168,3.920079588791245,1703596529686011950
800,11,education,168,3.920079588791245,1703596529686011950
800,6,Agriculture,168,3.920079588791245,1703596529686011950
800,10,technology,168,3.920079588791245,1703596529686011950
800,1,transport,168,3.920079588791245,1703596529686011950
800,117,climate_environment,168,3.920079588791245,1703596529686011950
800,5,finance,168,3.920079588791245,1703596529686011950
810,13,health,168,3.920079588791245,1703596566803087175
810,11,education,168,3.920079588791245,1703596566803087175
810,6,Agriculture,168,3.920079588791245,1703596566803087175
810,10,technology,168,3.920079588791245,1703596566803087175
810,1,transport,168,3.920079588791245,1703596566803087175
810,117,climate_environment,168,3.920079588791245,1703596566803087175
810,5,finance,168,3.920079588791245,1703596566803087175
820,13,health,168,3.920079588791245,1703596609041861365
820,11,education,168,3.920079588791245,1703596609041861365
820,6,Agriculture,168,3.920079588791245,1703596609041861365
820,10,technology,168,3.920079588791245,1703596609041861365
820,1,transport,168,3.920079588791245,1703596609041861365
820,117,climate_environment,168,3.920079588791245,1703596609041861365
820,5,finance,168,3.920079588791245,1703596609041861365
830,13,health,168,4.12104832104832,1703596660247970729
830,11,education,168,4.12104832104832,1703596660247970729
830,6,Agriculture,168,4.12104832104832,1703596660247970729
830,10,technology,168,4.12104832104832,1703596660247970729
830,1,transport,168,4.12104832104832,1703596660247970729
830,119,climate_environment,168,4.12104832104832,1703596660247970729
830,5,finance,168,4.12104832104832,1703596660247970729
840,13,health,168,4.12104832104832,1703596700176429565
840,11,education,168,4.12104832104832,1703596700176429565
840,6,Agriculture,168,4.12104832104832,1703596700176429565
840,10,technology,168,4.12104832104832,1703596700176429565
840,1,transport,168,4.12104832104832,1703596700176429565
840,119,climate_environment,168,4.12104832104832,1703596700176429565
840,5,finance,168,4.12104832104832,1703596700176429565
850,13,health,168,4.2227287528492345,1703596749551429288
850,11,education,168,4.2227287528492345,1703596749551429288
850,6,Agriculture,168,4.2227287528492345,1703596749551429288
850,10,technology,168,4.2227287528492345,1703596749551429288
850,1,transport,168,4.2227287528492345,1703596749551429288
850,120,climate_environment,168,4.2227287528492345,1703596749551429288
850,5,finance,168,4.2227287528492345,1703596749551429288
860,13,health,168,4.243886743886743,1703596797210978142
860,11,education,168,4.243886743886743,1703596797210978142
860,6,Agriculture,168,4.243886743886743,1703596797210978142
860,10,technology,168,4.243886743886743,1703596797210978142
860,1,transport,168,4.243886743886743,1703596797210978142
860,122,climate_environment,168,4.243886743886743,1703596797210978142
860,5,finance,168,4.243886743886743,1703596797210978142
870,13,health,189,4.18112849691797,1703596850215125964
870,11,education,189,4.18112849691797,1703596850215125964
870,6,Agriculture,189,4.18112849691797,1703596850215125964
870,12,technology,189,4.18112849691797,1703596850215125964
870,1,transport,189,4.18112849691797,1703596850215125964
870,123,climate_environment,189,4.18112849691797,1703596850215125964
870,5,finance,189,4.18112849691797,1703596850215125964
880,13,health,189,4.226587052168447,1703596895727725077
880,11,education,189,4.226587052168447,1703596895727725077
880,6,Agriculture,189,4.226587052168447,1703596895727725077
880,12,technology,189,4.226587052168447,1703596895727725077
880,1,transport,189,4.226587052168447,1703596895727725077
880,124,climate_environment,189,4.226587052168447,1703596895727725077
880,5,finance,189,4.226587052168447,1703596895727725077
890,13,health,189,4.271520074988283,1703596941055869785
890,11,education,189,4.271520074988283,1703596941055869785
890,6,Agriculture,189,4.271520074988283,1703596941055869785
890,12,technology,189,4.271520074988283,1703596941055869785
890,1,transport,189,4.271520074988283,1703596941055869785
890,125,climate_environment,189,4.271520074988283,1703596941055869785
890,5,finance,189,4.271520074988283,1703596941055869785
900,13,health,189,4.271520074988283,1703596980595298959
900,11,education,189,4.271520074988283,1703596980595298959
900,6,Agriculture,189,4.271520074988283,1703596980595298959
900,12,technology,189,4.271520074988283,1703596980595298959
900,1,transport,189,4.271520074988283,1703596980595298959
900,125,climate_environment,189,4.271520074988283,1703596980595298959
900,5,finance,189,4.271520074988283,1703596980595298959
910,13,health,189,4.329391891891891,1703597031452454983
910,11,education,189,4.329391891891891,1703597031452454983
910,6,Agriculture,189,4.329391891891891,1703597031452454983
910,12,technology,189,4.329391891891891,1703597031452454983
910,1,transport,189,4.329391891891891,1703597031452454983
910,128,climate_environment,189,4.329391891891891,1703597031452454983
910,5,finance,189,4.329391891891891,1703597031452454983
920,13,health,189,4.32753092075126,1703597080260428950
920,11,education,189,4.32753092075126,1703597080260428950
920,6,Agriculture,189,4.32753092075126,1703597080260428950
920,13,technology,189,4.32753092075126,1703597080260428950
920,1,transport,189,4.32753092075126,1703597080260428950
920,128,climate_environment,189,4.32753092075126,1703597080260428950
920,5,finance,189,4.32753092075126,1703597080260428950
930,13,health,189,4.365016702095353,1703597260782211850
930,11,education,189,4.365016702095353,1703597260782211850
930,6,Agriculture,189,4.365016702095353,1703597260782211850
930,13,technology,189,4.365016702095353,1703597260782211850
930,1,transport,189,4.365016702095353,1703597260782211850
930,129,climate_environment,189,4.365016702095353,1703597260782211850
930,5,finance,189,4.365016702095353,1703597260782211850
940,13,health,189,4.3665165165165165,1703597298991956423
940,11,education,189,4.3665165165165165,1703597298991956423
940,6,Agriculture,189,4.3665165165165165,1703597298991956423
940,13,technology,189,4.3665165165165165,1703597298991956423
940,1,transport,189,4.3665165165165165,1703597298991956423
940,131,climate_environment,189,4.3665165165165165,1703597298991956423
940,5,finance,189,4.3665165165165165,1703597298991956423
950,13,health,189,4.3665165165165165,1703597588084580836
950,11,education,189,4.3665165165165165,1703597588084580836
950,6,Agriculture,189,4.3665165165165165,1703597588084580836
950,13,technology,189,4.3665165165165165,1703597588084580836
950,1,transport,189,4.3665165165165165,1703597588084580836
950,131,climate_environment,189,4.3665165165165165,1703597588084580836
950,5,finance,189,4.3665165165165165,1703597588084580836
960,13,health,189,4.3665165165165165,1703597622396615484
960,11,education,189,4.3665165165165165,1703597622396615484
960,6,Agriculture,189,4.3665165165165165,1703597622396615484
960,13,technology,189,4.3665165165165165,1703597622396615484
960,1,transport,189,4.3665165165165165,1703597622396615484
960,131,climate_environment,189,4.3665165165165165,1703597622396615484
960,5,finance,189,4.3665165165165165,1703597622396615484
970,13,health,189,4.4971200708905625,1703597671735648360
970,12,education,189,4.4971200708905625,1703597671735648360
970,6,Agriculture,189,4.4971200708905625,1703597671735648360
970,14,technology,189,4.4971200708905625,1703597671735648360
970,1,transport,189,4.4971200708905625,1703597671735648360
970,132,climate_environment,189,4.4971200708905625,1703597671735648360
970,5,finance,189,4.4971200708905625,1703597671735648360
980,13,health,189,4.483548766157462,1703597707381320096
980,12,education,189,4.483548766157462,1703597707381320096
980,6,Agriculture,189,4.483548766157462,1703597707381320096
980,14,technology,189,4.483548766157462,1703597707381320096
980,1,transport,189,4.483548766157462,1703597707381320096
980,133,climate_environment,189,4.483548766157462,1703597707381320096
980,5,finance,189,4.483548766157462,1703597707381320096
990,13,health,189,4.545799853907962,1703597740286445343
990,12,education,189,4.545799853907962,1703597740286445343
990,6,Agriculture,189,4.545799853907962,1703597740286445343
990,14,technology,189,4.545799853907962,1703597740286445343
990,1,transport,189,4.545799853907962,1703597740286445343
990,134,climate_environment,189,4.545799853907962,1703597740286445343
990,5,finance,189,4.545799853907962,1703597740286445343
1000,13,health,189,4.507793507793507,1703597789365720809
1000,12,education,189,4.507793507793507,1703597789365720809
1000,6,Agriculture,189,4.507793507793507,1703597789365720809
1000,14,technology,189,4.507793507793507,1703597789365720809
1000,1,transport,189,4.507793507793507,1703597789365720809
1000,138,climate_environment,189,4.507793507793507,1703597789365720809
1000,5,finance,189,4.507793507793507,1703597789365720809
1010,13,health,189,4.4894425675675675,1703597829683311135
1010,12,education,189,4.4894425675675675,1703597829683311135
1010,6,Agriculture,189,4.4894425675675675,1703597829683311135
1010,16,technology,189,4.4894425675675675,1703597829683311135
1010,1,transport,189,4.4894425675675675,1703597829683311135
1010,139,climate_environment,189,4.4894425675675675,1703597829683311135
1010,5,finance,189,4.4894425675675675,1703597829683311135
1020,13,health,210,4.479242128726664,1703597871566912775
1020,12,education,210,4.479242128726664,1703597871566912775
1020,6,Agriculture,210,4.479242128726664,1703597871566912775
1020,16,technology,210,4.479242128726664,1703597871566912775
1020,1,transport,210,4.479242128726664,1703597871566912775
1020,141,climate_environment,210,4.479242128726664,1703597871566912775
1020,5,finance,210,4.479242128726664,1703597871566912775
1030,13,health,210,4.481912681912681,1703597964846691155
1030,13,education,210,4.481912681912681,1703597964846691155
1030,6,Agriculture,210,4.481912681912681,1703597964846691155
1030,16,technology,210,4.481912681912681,1703597964846691155
1030,1,transport,210,4.481912681912681,1703597964846691155
1030,141,climate_environment,210,4.481912681912681,1703597964846691155
1030,5,finance,210,4.481912681912681,1703597964846691155
1040,13,health,210,4.481912681912681,1703598011586018497
1040,13,education,210,4.481912681912681,1703598011586018497
1040,6,Agriculture,210,4.481912681912681,1703598011586018497
1040,16,technology,210,4.481912681912681,1703598011586018497
1040,1,transport,210,4.481912681912681,1703598011586018497
1040,141,climate_environment,210,4.481912681912681,1703598011586018497
1040,5,finance,210,4.481912681912681,1703598011586018497
1050,13,health,210,4.481912681912681,1703598077513470519
1050,13,education,210,4.481912681912681,1703598077513470519
1050,6,Agriculture,210,4.481912681912681,1703598077513470519
1050,16,technology,210,4.481912681912681,1703598077513470519
1050,1,transport,210,4.481912681912681,1703598077513470519
1050,141,climate_environment,210,4.481912681912681,1703598077513470519
1050,5,finance,210,4.481912681912681,1703598077513470519
1060,13,health,210,4.5958230958230954,1703598133045460408
1060,14,education,210,4.5958230958230954,1703598133045460408
1060,7,Agriculture,210,4.5958230958230954,1703598133045460408
1060,16,technology,210,4.5958230958230954,1703598133045460408
1060,1,transport,210,4.5958230958230954,1703598133045460408
1060,142,climate_environment,210,4.5958230958230954,1703598133045460408
1060,5,finance,210,4.5958230958230954,1703598133045460408
1070,13,health,210,4.597854135542577,1703598173526690738
1070,14,education,210,4.597854135542577,1703598173526690738
1070,7,Agriculture,210,4.597854135542577,1703598173526690738
1070,16,technology,210,4.597854135542577,1703598173526690738
1070,1,transport,210,4.597854135542577,1703598173526690738
1070,143,climate_environment,210,4.597854135542577,1703598173526690738
1070,5,finance,210,4.597854135542577,1703598173526690738
1080,13,health,210,0.05713228638198314,1703912212547045894
1080,14,education,210,0.05713228638198314,1703912212547045894
1080,7,Agriculture,210,0.05713228638198314,1703912212547045894
1080,16,technology,210,0.05713228638198314,1703912212547045894
1080,1,transport,210,0.05713228638198314,1703912212547045894
1080,147,climate_environment,210,0.05713228638198314,1703912212547045894
1080,5,finance,210,0.05713228638198314,1703912212547045894
1090,13,health,210,0.09116595164481656,1703912261364272177
1090,14,education,210,0.09116595164481656,1703912261364272177
1090,7,Agriculture,210,0.09116595164481656,1703912261364272177
1090,16,technology,210,0.09116595164481656,1703912261364272177
1090,1,transport,210,0.09116595164481656,1703912261364272177
1090,148,climate_environment,210,0.09116595164481656,1703912261364272177
1090,5,finance,210,0.09116595164481656,1703912261364272177
1100,13,health,210,0.12911579677447851,1703912321202508102
1100,14,education,210,0.12911579677447851,1703912321202508102
1100,7,Agriculture,210,0.12911579677447851,1703912321202508102
1100,16,technology,210,0.12911579677447851,1703912321202508102
1100,1,transport,210,0.12911579677447851,1703912321202508102
1100,150,climate_environment,210,0.12911579677447851,1703912321202508102
1100,5,finance,210,0.12911579677447851,1703912321202508102
1110,13,health,210,0.16713939195914287,1703912361704295735
1110,14,education,210,0.16713939195914287,1703912361704295735
1110,7,Agriculture,210,0.16713939195914287,1703912361704295735
1110,17,technology,210,0.16713939195914287,1703912361704295735
1110,1,transport,210,0.16713939195914287,1703912361704295735
1110,150,climate_environment,210,0.16713939195914287,1703912361704295735
1110,5,finance,210,0.16713939195914287,1703912361704295735
1120,13,health,210,0.2468796848590554,1703912416910027627
1120,14,education,210,0.2468796848590554,1703912416910027627
1120,7,Agriculture,210,0.2468796848590554,1703912416910027627
1120,17,technology,210,0.2468796848590554,1703912416910027627
1120,1,transport,210,0.2468796848590554,1703912416910027627
1120,152,climate_environment,210,0.2468796848590554,1703912416910027627
1120,5,finance,210,0.2468796848590554,1703912416910027627
1130,13,health,210,0.26475168635972657,1703912523666006191
1130,14,education,210,0.26475168635972657,1703912523666006191
1130,7,Agriculture,210,0.26475168635972657,1703912523666006191
1130,18,technology,210,0.26475168635972657,1703912523666006191
1130,1,transport,210,0.26475168635972657,1703912523666006191
1130,152,climate_environment,210,0.26475168635972657,1703912523666006191
1130,5,finance,210,0.26475168635972657,1703912523666006191
1140,13,health,210,0.3330132750490352,1703912614376977016
1140,14,education,210,0.3330132750490352,1703912614376977016
1140,7,Agriculture,210,0.3330132750490352,1703912614376977016
1140,18,technology,210,0.3330132750490352,1703912614376977016
1140,1,transport,210,0.3330132750490352,1703912614376977016
1140,157,climate_environment,210,0.3330132750490352,1703912614376977016
1140,5,finance,210,0.3330132750490352,1703912614376977016
1150,13,health,231,0.3834763951171678,1703912706010887276
1150,14,education,231,0.3834763951171678,1703912706010887276
1150,8,Agriculture,231,0.3834763951171678,1703912706010887276
1150,18,technology,231,0.3834763951171678,1703912706010887276
1150,1,transport,231,0.3834763951171678,1703912706010887276
1150,159,climate_environment,231,0.3834763951171678,1703912706010887276
1150,5,finance,231,0.3834763951171678,1703912706010887276
1160,13,health,231,0.4126029465564981,1703912806011124931
1160,14,education,231,0.4126029465564981,1703912806011124931
1160,9,Agriculture,231,0.4126029465564981,1703912806011124931
1160,18,technology,231,0.4126029465564981,1703912806011124931
1160,1,transport,231,0.4126029465564981,1703912806011124931
1160,162,climate_environment,231,0.4126029465564981,1703912806011124931
1160,5,finance,231,0.4126029465564981,1703912806011124931
1170,13,health,231,0.4600800633880833,1703912865694841291
1170,14,education,231,0.4600800633880833,1703912865694841291
1170,9,Agriculture,231,0.4600800633880833,1703912865694841291
1170,18,technology,231,0.4600800633880833,1703912865694841291
1170,1,transport,231,0.4600800633880833,1703912865694841291
1170,163,climate_environment,231,0.4600800633880833,1703912865694841291
1170,5,finance,231,0.4600800633880833,1703912865694841291
1180,13,health,231,0.4600800633880833,1703912942915739819
1180,14,education,231,0.4600800633880833,1703912942915739819
1180,9,Agriculture,231,0.4600800633880833,1703912942915739819
1180,18,technology,231,0.4600800633880833,1703912942915739819
1180,1,transport,231,0.4600800633880833,1703912942915739819
1180,163,climate_environment,231,0.4600800633880833,1703912942915739819
1180,5,finance,231,0.4600800633880833,1703912942915739819
1190,13,health,231,0.5115975631051007,1703913008451949950
1190,15,education,231,0.5115975631051007,1703913008451949950
1190,9,Agriculture,231,0.5115975631051007,1703913008451949950
1190,18,technology,231,0.5115975631051007,1703913008451949950
1190,1,transport,231,0.5115975631051007,1703913008451949950
1190,163,climate_environment,231,0.5115975631051007,1703913008451949950
1190,5,finance,231,0.5115975631051007,1703913008451949950
1200,14,health,231,0.5848793517135226,1703913110586593227
1200,15,education,231,0.5848793517135226,1703913110586593227
1200,9,Agriculture,231,0.5848793517135226,1703913110586593227
1200,18,technology,231,0.5848793517135226,1703913110586593227
1200,1,transport,231,0.5848793517135226,1703913110586593227
1200,163,climate_environment,231,0.5848793517135226,1703913110586593227
1200,5,finance,231,0.5848793517135226,1703913110586593227
1210,14,health,231,0.629815149717292,1703913175113806302
1210,15,education,231,0.629815149717292,1703913175113806302
1210,9,Agriculture,231,0.629815149717292,1703913175113806302
1210,18,technology,231,0.629815149717292,1703913175113806302
1210,1,transport,231,0.629815149717292,1703913175113806302
1210,166,climate_environment,231,0.629815149717292,1703913175113806302
1210,5,finance,231,0.629815149717292,1703913175113806302
1220,14,health,231,0.629815149717292,1703913282711650251
1220,15,education,231,0.629815149717292,1703913282711650251
1220,9,Agriculture,231,0.629815149717292,1703913282711650251
1220,18,technology,231,0.629815149717292,1703913282711650251
1220,1,transport,231,0.629815149717292,1703913282711650251
1220,166,climate_environment,231,0.629815149717292,1703913282711650251
1220,5,finance,231,0.629815149717292,1703913282711650251
1230,14,health,231,0.7112950179806199,1703913343851563670
1230,16,education,231,0.7112950179806199,1703913343851563670
1230,9,Agriculture,231,0.7112950179806199,1703913343851563670
1230,18,technology,231,0.7112950179806199,1703913343851563670
1230,1,transport,231,0.7112950179806199,1703913343851563670
1230,167,climate_environment,231,0.7112950179806199,1703913343851563670
1230,5,finance,231,0.7112950179806199,1703913343851563670
1240,14,health,231,0.7298608404136042,1703913402442496535
1240,16,education,231,0.7298608404136042,1703913402442496535
1240,9,Agriculture,231,0.7298608404136042,1703913402442496535
1240,18,technology,231,0.7298608404136042,1703913402442496535
1240,1,transport,231,0.7298608404136042,1703913402442496535
1240,168,climate_environment,231,0.7298608404136042,1703913402442496535
1240,5,finance,231,0.7298608404136042,1703913402442496535
1250,14,health,252,0.7803327099809512,1703913459470284892
1250,16,education,252,0.7803327099809512,1703913459470284892
1250,9,Agriculture,252,0.7803327099809512,1703913459470284892
1250,18,technology,252,0.7803327099809512,1703913459470284892
1250,1,transport,252,0.7803327099809512,1703913459470284892
1250,171,climate_environment,252,0.7803327099809512,1703913459470284892
1250,5,finance,252,0.7803327099809512,1703913459470284892
1260,14,health,252,0.8110546984491174,1703913508145594672
1260,16,education,252,0.8110546984491174,1703913508145594672
1260,9,Agriculture,252,0.8110546984491174,1703913508145594672
1260,18,technology,252,0.8110546984491174,1703913508145594672
1260,1,transport,252,0.8110546984491174,1703913508145594672
1260,172,climate_environment,252,0.8110546984491174,1703913508145594672
1260,5,finance,252,0.8110546984491174,1703913508145594672
1270,14,health,252,0.8542281954895872,1703913597085891892
1270,16,education,252,0.8542281954895872,1703913597085891892
1270,9,Agriculture,252,0.8542281954895872,1703913597085891892
1270,18,technology,252,0.8542281954895872,1703913597085891892
1270,1,transport,252,0.8542281954895872,1703913597085891892
1270,173,climate_environment,252,0.8542281954895872,1703913597085891892
1270,5,finance,252,0.8542281954895872,1703913597085891892
1280,14,health,252,0.8542281954895872,1703913642758820512
1280,16,education,252,0.8542281954895872,1703913642758820512
1280,9,Agriculture,252,0.8542281954895872,1703913642758820512
1280,18,technology,252,0.8542281954895872,1703913642758820512
1280,1,transport,252,0.8542281954895872,1703913642758820512
1280,173,climate_environment,252,0.8542281954895872,1703913642758820512
1280,5,finance,252,0.8542281954895872,1703913642758820512
1290,14,health,252,0.8542281954895872,1703913694376340829
1290,16,education,252,0.8542281954895872,1703913694376340829
1290,9,Agriculture,252,0.8542281954895872,1703913694376340829
1290,18,technology,252,0.8542281954895872,1703913694376340829
1290,1,transport,252,0.8542281954895872,1703913694376340829
1290,173,climate_environment,252,0.8542281954895872,1703913694376340829
1290,5,finance,252,0.8542281954895872,1703913694376340829
1300,14,health,252,0.9604951854434562,1703913743564823199
1300,16,education,252,0.9604951854434562,1703913743564823199
1300,9,Agriculture,252,0.9604951854434562,1703913743564823199
1300,18,technology,252,0.9604951854434562,1703913743564823199
1300,1,transport,252,0.9604951854434562,1703913743564823199
1300,175,climate_environment,252,0.9604951854434562,1703913743564823199
1300,5,finance,252,0.9604951854434562,1703913743564823199
1310,14,health,252,0.9604951854434562,1703913800698889210
1310,16,education,252,0.9604951854434562,1703913800698889210
1310,9,Agriculture,252,0.9604951854434562,1703913800698889210
1310,18,technology,252,0.9604951854434562,1703913800698889210
1310,1,transport,252,0.9604951854434562,1703913800698889210
1310,175,climate_environment,252,0.9604951854434562,1703913800698889210
1310,5,finance,252,0.9604951854434562,1703913800698889210
1320,14,health,252,1.0396605542791015,1703913853284867744
1320,18,education,252,1.0396605542791015,1703913853284867744
1320,10,Agriculture,252,1.0396605542791015,1703913853284867744
1320,18,technology,252,1.0396605542791015,1703913853284867744
1320,1,transport,252,1.0396605542791015,1703913853284867744
1320,176,climate_environment,252,1.0396605542791015,1703913853284867744
1320,5,finance,252,1.0396605542791015,1703913853284867744
1330,14,health,252,1.0396605542791015,1703913900657233329
1330,18,education,252,1.0396605542791015,1703913900657233329
1330,10,Agriculture,252,1.0396605542791015,1703913900657233329
1330,18,technology,252,1.0396605542791015,1703913900657233329
1330,1,transport,252,1.0396605542791015,1703913900657233329
1330,176,climate_environment,252,1.0396605542791015,1703913900657233329
1330,5,finance,252,1.0396605542791015,1703913900657233329
1340,14,health,252,1.097110510845854,1703913956547340630
1340,18,education,252,1.097110510845854,1703913956547340630
1340,10,Agriculture,252,1.097110510845854,1703913956547340630
1340,18,technology,252,1.097110510845854,1703913956547340630
1340,1,transport,252,1.097110510845854,1703913956547340630
1340,177,climate_environment,252,1.097110510845854,1703913956547340630
1340,5,finance,252,1.097110510845854,1703913956547340630
1350,14,health,252,1.1458928448177974,1703914004061940160
1350,18,education,252,1.1458928448177974,1703914004061940160
1350,10,Agriculture,252,1.1458928448177974,1703914004061940160
1350,18,technology,252,1.1458928448177974,1703914004061940160
1350,1,transport,252,1.1458928448177974,1703914004061940160
1350,178,climate_environment,252,1.1458928448177974,1703914004061940160
1350,5,finance,252,1.1458928448177974,1703914004061940160
1360,14,health,252,1.1861136903491531,1703914073432833125
1360,18,education,252,1.1861136903491531,1703914073432833125
1360,10,Agriculture,252,1.1861136903491531,1703914073432833125
1360,19,technology,252,1.1861136903491531,1703914073432833125
1360,1,transport,252,1.1861136903491531,1703914073432833125
1360,178,climate_environment,252,1.1861136903491531,1703914073432833125
1360,5,finance,252,1.1861136903491531,1703914073432833125
1370,14,health,252,1.2300725777867583,1703914137234160561
1370,19,education,252,1.2300725777867583,1703914137234160561
1370,10,Agriculture,252,1.2300725777867583,1703914137234160561
1370,19,technology,252,1.2300725777867583,1703914137234160561
1370,1,transport,252,1.2300725777867583,1703914137234160561
1370,178,climate_environment,252,1.2300725777867583,1703914137234160561
1370,5,finance,252,1.2300725777867583,1703914137234160561
1380,14,health,252,1.2443461860304135,1703914188857809627
1380,19,education,252,1.2443461860304135,1703914188857809627
1380,11,Agriculture,252,1.2443461860304135,1703914188857809627
1380,19,technology,252,1.2443461860304135,1703914188857809627
1380,1,transport,252,1.2443461860304135,1703914188857809627
1380,179,climate_environment,252,1.2443461860304135,1703914188857809627
1380,5,finance,252,1.2443461860304135,1703914188857809627
1390,14,health,252,1.2703914165421701,1703914271831151172
1390,19,education,252,1.2703914165421701,1703914271831151172
1390,11,Agriculture,252,1.2703914165421701,1703914271831151172
1390,19,technology,252,1.2703914165421701,1703914271831151172
1390,1,transport,252,1.2703914165421701,1703914271831151172
1390,181,climate_environment,252,1.2703914165421701,1703914271831151172
1390,5,finance,252,1.2703914165421701,1703914271831151172
1400,14,health,252,1.2703914165421701,1703914320275482266
1400,19,education,252,1.2703914165421701,1703914320275482266
1400,11,Agriculture,252,1.2703914165421701,1703914320275482266
1400,19,technology,252,1.2703914165421701,1703914320275482266
1400,1,transport,252,1.2703914165421701,1703914320275482266
1400,181,climate_environment,252,1.2703914165421701,1703914320275482266
1400,5,finance,252,1.2703914165421701,1703914320275482266
1410,14,health,252,1.3580942851207216,1703914378184844278
1410,19,education,252,1.3580942851207216,1703914378184844278
1410,11,Agriculture,252,1.3580942851207216,1703914378184844278
1410,20,technology,252,1.3580942851207216,1703914378184844278
1410,1,transport,252,1.3580942851207216,1703914378184844278
1410,183,climate_environment,252,1.3580942851207216,1703914378184844278
1410,5,finance,252,1.3580942851207216,1703914378184844278
1420,14,health,252,1.3513641338648728,1703914432083347302
1420,19,education,252,1.3513641338648728,1703914432083347302
1420,11,Agriculture,252,1.3513641338648728,1703914432083347302
1420,20,technology,252,1.3513641338648728,1703914432083347302
1420,1,transport,252,1.3513641338648728,1703914432083347302
1420,185,climate_environment,252,1.3513641338648728,1703914432083347302
1420,5,finance,252,1.3513641338648728,1703914432083347302
1430,14,health,273,1.3946071312905484,1703914490641175385
1430,19,education,273,1.3946071312905484,1703914490641175385
1430,11,Agriculture,273,1.3946071312905484,1703914490641175385
1430,20,technology,273,1.3946071312905484,1703914490641175385
1430,1,transport,273,1.3946071312905484,1703914490641175385
1430,190,climate_environment,273,1.3946071312905484,1703914490641175385
1430,5,finance,273,1.3946071312905484,1703914490641175385
1440,14,health,273,1.4084208970710443,1703914533753058934
1440,19,education,273,1.4084208970710443,1703914533753058934
1440,11,Agriculture,273,1.4084208970710443,1703914533753058934
1440,20,technology,273,1.4084208970710443,1703914533753058934
1440,1,transport,273,1.4084208970710443,1703914533753058934
1440,191,climate_environment,273,1.4084208970710443,1703914533753058934
1440,5,finance,273,1.4084208970710443,1703914533753058934
1450,14,health,273,1.4362183174926133,1703914597755775574
1450,19,education,273,1.4362183174926133,1703914597755775574
1450,11,Agriculture,273,1.4362183174926133,1703914597755775574
1450,20,technology,273,1.4362183174926133,1703914597755775574
1450,1,transport,273,1.4362183174926133,1703914597755775574
1450,195,climate_environment,273,1.4362183174926133,1703914597755775574
1450,5,finance,273,1.4362183174926133,1703914597755775574
1460,14,health,273,1.4362183174926133,1703914649392374288
1460,19,education,273,1.4362183174926133,1703914649392374288
1460,11,Agriculture,273,1.4362183174926133,1703914649392374288
1460,20,technology,273,1.4362183174926133,1703914649392374288
1460,1,transport,273,1.4362183174926133,1703914649392374288
1460,195,climate_environment,273,1.4362183174926133,1703914649392374288
1460,5,finance,273,1.4362183174926133,1703914649392374288
1470,14,health,273,1.4872099779531676,1703914702238203702
1470,19,education,273,1.4872099779531676,1703914702238203702
1470,11,Agriculture,273,1.4872099779531676,1703914702238203702
1470,20,technology,273,1.4872099779531676,1703914702238203702
1470,1,transport,273,1.4872099779531676,1703914702238203702
1470,196,climate_environment,273,1.4872099779531676,1703914702238203702
1470,5,finance,273,1.4872099779531676,1703914702238203702
1480,14,health,273,1.524618858714711,1703914740877407009
1480,19,education,273,1.524618858714711,1703914740877407009
1480,12,Agriculture,273,1.524618858714711,1703914740877407009
1480,20,technology,273,1.524618858714711,1703914740877407009
1480,1,transport,273,1.524618858714711,1703914740877407009
1480,197,climate_environment,273,1.524618858714711,1703914740877407009
1480,5,finance,273,1.524618858714711,1703914740877407009
1490,14,health,273,1.5614735338353427,1703914804876460400
1490,19,education,273,1.5614735338353427,1703914804876460400
1490,12,Agriculture,273,1.5614735338353427,1703914804876460400
1490,20,technology,273,1.5614735338353427,1703914804876460400
1490,1,transport,273,1.5614735338353427,1703914804876460400
1490,199,climate_environment,273,1.5614735338353427,1703914804876460400
1490,5,finance,273,1.5614735338353427,1703914804876460400
1500,14,health,273,1.5683744637336123,1703914848465981609
1500,19,education,273,1.5683744637336123,1703914848465981609
1500,12,Agriculture,273,1.5683744637336123,1703914848465981609
1500,21,technology,273,1.5683744637336123,1703914848465981609
1500,1,transport,273,1.5683744637336123,1703914848465981609
1500,200,climate_environment,273,1.5683744637336123,1703914848465981609
1500,5,finance,273,1.5683744637336123,1703914848465981609
1510,14,health,294,1.6072386019403715,1703914964486295709
1510,19,education,294,1.6072386019403715,1703914964486295709
1510,12,Agriculture,294,1.6072386019403715,1703914964486295709
1510,21,technology,294,1.6072386019403715,1703914964486295709
1510,1,transport,294,1.6072386019403715,1703914964486295709
1510,204,climate_environment,294,1.6072386019403715,1703914964486295709
1510,5,finance,294,1.6072386019403715,1703914964486295709
1520,14,health,294,1.6158767297312004,1703915060914546837
1520,19,education,294,1.6158767297312004,1703915060914546837
1520,12,Agriculture,294,1.6158767297312004,1703915060914546837
1520,21,technology,294,1.6158767297312004,1703915060914546837
1520,1,transport,294,1.6158767297312004,1703915060914546837
1520,205,climate_environment,294,1.6158767297312004,1703915060914546837
1520,5,finance,294,1.6158767297312004,1703915060914546837
1530,14,health,294,1.6616410542492563,1703915218890679150
1530,19,education,294,1.6616410542492563,1703915218890679150
1530,12,Agriculture,294,1.6616410542492563,1703915218890679150
1530,23,technology,294,1.6616410542492563,1703915218890679150
1530,1,transport,294,1.6616410542492563,1703915218890679150
1530,205,climate_environment,294,1.6616410542492563,1703915218890679150
1530,5,finance,294,1.6616410542492563,1703915218890679150
1540,14,health,294,1.671166740695881,1703915345256733714
1540,19,education,294,1.671166740695881,1703915345256733714
1540,13,Agriculture,294,1.671166740695881,1703915345256733714
1540,23,technology,294,1.671166740695881,1703915345256733714
1540,1,transport,294,1.671166740695881,1703915345256733714
1540,206,climate_environment,294,1.671166740695881,1703915345256733714
1540,5,finance,294,1.671166740695881,1703915345256733714
1550,14,health,294,1.7042477097005055,1703915405804313879
1550,20,education,294,1.7042477097005055,1703915405804313879
1550,13,Agriculture,294,1.7042477097005055,1703915405804313879
1550,23,technology,294,1.7042477097005055,1703915405804313879
1550,1,transport,294,1.7042477097005055,1703915405804313879
1550,206,climate_environment,294,1.7042477097005055,1703915405804313879
1550,5,finance,294,1.7042477097005055,1703915405804313879
1560,14,health,294,1.738020613153319,1703915466893234029
1560,20,education,294,1.738020613153319,1703915466893234029
1560,13,Agriculture,294,1.738020613153319,1703915466893234029
1560,23,technology,294,1.738020613153319,1703915466893234029
1560,1,transport,294,1.738020613153319,1703915466893234029
1560,208,climate_environment,294,1.738020613153319,1703915466893234029
1560,5,finance,294,1.738020613153319,1703915466893234029
1570,14,health,294,1.747727714757988,1703915547397466939
1570,20,education,294,1.747727714757988,1703915547397466939
1570,13,Agriculture,294,1.747727714757988,1703915547397466939
1570,24,technology,294,1.747727714757988,1703915547397466939
1570,1,transport,294,1.747727714757988,1703915547397466939
1570,210,climate_environment,294,1.747727714757988,1703915547397466939
1570,5,finance,294,1.747727714757988,1703915547397466939
1580,14,health,294,1.747727714757988,1703915624278300429
1580,20,education,294,1.747727714757988,1703915624278300429
1580,13,Agriculture,294,1.747727714757988,1703915624278300429
1580,24,technology,294,1.747727714757988,1703915624278300429
1580,1,transport,294,1.747727714757988,1703915624278300429
1580,210,climate_environment,294,1.747727714757988,1703915624278300429
1580,5,finance,294,1.747727714757988,1703915624278300429
1590,14,health,294,1.7855596362046136,1703915817376748894
1590,20,education,294,1.7855596362046136,1703915817376748894
1590,13,Agriculture,294,1.7855596362046136,1703915817376748894
1590,24,technology,294,1.7855596362046136,1703915817376748894
1590,1,transport,294,1.7855596362046136,1703915817376748894
1590,214,climate_environment,294,1.7855596362046136,1703915817376748894
1590,5,finance,294,1.7855596362046136,1703915817376748894
1600,14,health,294,1.8239652538888445,1703915881099392588
1600,20,education,294,1.8239652538888445,1703915881099392588
1600,13,Agriculture,294,1.8239652538888445,1703915881099392588
1600,24,technology,294,1.8239652538888445,1703915881099392588
1600,1,transport,294,1.8239652538888445,1703915881099392588
1600,215,climate_environment,294,1.8239652538888445,1703915881099392588
1600,5,finance,294,1.8239652538888445,1703915881099392588
1610,14,health,294,1.8382179322032168,1703915959251231139
1610,20,education,294,1.8382179322032168,1703915959251231139
1610,13,Agriculture,294,1.8382179322032168,1703915959251231139
1610,24,technology,294,1.8382179322032168,1703915959251231139
1610,1,transport,294,1.8382179322032168,1703915959251231139
1610,216,climate_environment,294,1.8382179322032168,1703915959251231139
1610,5,finance,294,1.8382179322032168,1703915959251231139
1620,14,health,294,1.8557750140664713,1703916028202211812
1620,20,education,294,1.8557750140664713,1703916028202211812
1620,13,Agriculture,294,1.8557750140664713,1703916028202211812
1620,24,technology,294,1.8557750140664713,1703916028202211812
1620,1,transport,294,1.8557750140664713,1703916028202211812
1620,217,climate_environment,294,1.8557750140664713,1703916028202211812
1620,5,finance,294,1.8557750140664713,1703916028202211812
1630,14,health,294,1.8808008556752274,1703916112290547920
1630,20,education,294,1.8808008556752274,1703916112290547920
1630,13,Agriculture,294,1.8808008556752274,1703916112290547920
1630,24,technology,294,1.8808008556752274,1703916112290547920
1630,1,transport,294,1.8808008556752274,1703916112290547920
1630,220,climate_environment,294,1.8808008556752274,1703916112290547920
1630,5,finance,294,1.8808008556752274,1703916112290547920
1640,14,health,315,0.009667116965353112,1703953924422893367
1640,20,education,315,0.009667116965353112,1703953924422893367
1640,13,Agriculture,315,0.009667116965353112,1703953924422893367
1640,24,technology,315,0.009667116965353112,1703953924422893367
1640,1,transport,315,0.009667116965353112,1703953924422893367
1640,221,climate_environment,315,0.009667116965353112,1703953924422893367
1640,5,finance,315,0.009667116965353112,1703953924422893367
1650,14,health,315,0.009667116965353112,1703954066450897151
1650,20,education,315,0.009667116965353112,1703954066450897151
1650,13,Agriculture,315,0.009667116965353112,1703954066450897151
1650,24,technology,315,0.009667116965353112,1703954066450897151
1650,1,transport,315,0.009667116965353112,1703954066450897151
1650,221,climate_environment,315,0.009667116965353112,1703954066450897151
1650,5,finance,315,0.009667116965353112,1703954066450897151
1660,14,health,315,0.10293600285225075,1703954155811471980
1660,20,education,315,0.10293600285225075,1703954155811471980
1660,13,Agriculture,315,0.10293600285225075,1703954155811471980
1660,24,technology,315,0.10293600285225075,1703954155811471980
1660,1,transport,315,0.10293600285225075,1703954155811471980
1660,223,climate_environment,315,0.10293600285225075,1703954155811471980
1660,5,finance,315,0.10293600285225075,1703954155811471980
1670,14,health,315,0.11588305932118015,1703954211995035790
1670,20,education,315,0.11588305932118015,1703954211995035790
1670,13,Agriculture,315,0.11588305932118015,1703954211995035790
1670,25,technology,315,0.11588305932118015,1703954211995035790
1670,1,transport,315,0.11588305932118015,1703954211995035790
1670,223,climate_environment,315,0.11588305932118015,1703954211995035790
1670,5,finance,315,0.11588305932118015,1703954211995035790
1680,15,health,315,0.16462310513424167,1703954299908485128
1680,21,education,315,0.16462310513424167,1703954299908485128
1680,13,Agriculture,315,0.16462310513424167,1703954299908485128
1680,25,technology,315,0.16462310513424167,1703954299908485128
1680,1,transport,315,0.16462310513424167,1703954299908485128
1680,223,climate_environment,315,0.16462310513424167,1703954299908485128
1680,5,finance,315,0.16462310513424167,1703954299908485128
1690,15,health,315,0.16462310513424167,1703954366946218630
1690,21,education,315,0.16462310513424167,1703954366946218630
1690,13,Agriculture,315,0.16462310513424167,1703954366946218630
1690,25,technology,315,0.16462310513424167,1703954366946218630
1690,1,transport,315,0.16462310513424167,1703954366946218630
1690,223,climate_environment,315,0.16462310513424167,1703954366946218630
1690,5,finance,315,0.16462310513424167,1703954366946218630
1700,15,health,315,0.2192813142809024,1703954454449654884
1700,21,education,315,0.2192813142809024,1703954454449654884
1700,13,Agriculture,315,0.2192813142809024,1703954454449654884
1700,26,technology,315,0.2192813142809024,1703954454449654884
1700,1,transport,315,0.2192813142809024,1703954454449654884
1700,224,climate_environment,315,0.2192813142809024,1703954454449654884
1700,5,finance,315,0.2192813142809024,1703954454449654884
1710,15,health,315,0.2192813142809024,1703954527755998961
1710,21,education,315,0.2192813142809024,1703954527755998961
1710,13,Agriculture,315,0.2192813142809024,1703954527755998961
1710,26,technology,315,0.2192813142809024,1703954527755998961
1710,1,transport,315,0.2192813142809024,1703954527755998961
1710,224,climate_environment,315,0.2192813142809024,1703954527755998961
1710,5,finance,315,0.2192813142809024,1703954527755998961
1720,15,health,315,0.27085229037802366,1703954582393902881
1720,21,education,315,0.27085229037802366,1703954582393902881
1720,13,Agriculture,315,0.27085229037802366,1703954582393902881
1720,26,technology,315,0.27085229037802366,1703954582393902881
1720,1,transport,315,0.27085229037802366,1703954582393902881
1720,225,climate_environment,315,0.27085229037802366,1703954582393902881
1720,5,finance,315,0.27085229037802366,1703954582393902881
1730,15,health,315,0.31882997021392584,1703954677025956284
1730,21,education,315,0.31882997021392584,1703954677025956284
1730,13,Agriculture,315,0.31882997021392584,1703954677025956284
1730,26,technology,315,0.31882997021392584,1703954677025956284
1730,1,transport,315,0.31882997021392584,1703954677025956284
1730,226,climate_environment,315,0.31882997021392584,1703954677025956284
1730,5,finance,315,0.31882997021392584,1703954677025956284
1740,15,health,315,0.31882997021392584,1703954739411341325
1740,21,education,315,0.31882997021392584,1703954739411341325
1740,13,Agriculture,315,0.31882997021392584,1703954739411341325
1740,26,technology,315,0.31882997021392584,1703954739411341325
1740,1,transport,315,0.31882997021392584,1703954739411341325
1740,226,climate_environment,315,0.31882997021392584,1703954739411341325
1740,5,finance,315,0.31882997021392584,1703954739411341325
1750,15,health,315,0.3899380672763717,1703954788678524484
1750,21,education,315,0.3899380672763717,1703954788678524484
1750,14,Agriculture,315,0.3899380672763717,1703954788678524484
1750,26,technology,315,0.3899380672763717,1703954788678524484
1750,1,transport,315,0.3899380672763717,1703954788678524484
1750,228,climate_environment,315,0.3899380672763717,1703954788678524484
1750,5,finance,315,0.3899380672763717,1703954788678524484
1760,15,health,315,0.3918996812079589,1703954855446939287
1760,21,education,315,0.3918996812079589,1703954855446939287
1760,14,Agriculture,315,0.3918996812079589,1703954855446939287
1760,26,technology,315,0.3918996812079589,1703954855446939287
1760,1,transport,315,0.3918996812079589,1703954855446939287
1760,229,climate_environment,315,0.3918996812079589,1703954855446939287
1760,5,finance,315,0.3918996812079589,1703954855446939287
1770,15,health,315,0.4419256437681898,1703954941458910200
1770,21,education,315,0.4419256437681898,1703954941458910200
1770,14,Agriculture,315,0.4419256437681898,1703954941458910200
1770,26,technology,315,0.4419256437681898,1703954941458910200
1770,1,transport,315,0.4419256437681898,1703954941458910200
1770,230,climate_environment,315,0.4419256437681898,1703954941458910200
1770,5,finance,315,0.4419256437681898,1703954941458910200
1780,15,health,315,0.4419256437681898,1703955002152629953
1780,21,education,315,0.4419256437681898,1703955002152629953
1780,14,Agriculture,315,0.4419256437681898,1703955002152629953
1780,26,technology,315,0.4419256437681898,1703955002152629953
1780,1,transport,315,0.4419256437681898,1703955002152629953
1780,230,climate_environment,315,0.4419256437681898,1703955002152629953
1780,5,finance,315,0.4419256437681898,1703955002152629953
1790,15,health,315,0.5075580979545246,1703955079574072802
1790,21,education,315,0.5075580979545246,1703955079574072802
1790,14,Agriculture,315,0.5075580979545246,1703955079574072802
1790,26,technology,315,0.5075580979545246,1703955079574072802
1790,1,transport,315,0.5075580979545246,1703955079574072802
1790,233,climate_environment,315,0.5075580979545246,1703955079574072802
1790,5,finance,315,0.5075580979545246,1703955079574072802
1800,15,health,315,0.5310717008040101,1703955140186192006
1800,21,education,315,0.5310717008040101,1703955140186192006
1800,14,Agriculture,315,0.5310717008040101,1703955140186192006
1800,26,technology,315,0.5310717008040101,1703955140186192006
1800,1,transport,315,0.5310717008040101,1703955140186192006
1800,236,climate_environment,315,0.5310717008040101,1703955140186192006
1800,5,finance,315,0.5310717008040101,1703955140186192006
1810,15,health,336,0.5634915914507017,1703955240286668809
1810,21,education,336,0.5634915914507017,1703955240286668809
1810,14,Agriculture,336,0.5634915914507017,1703955240286668809
1810,28,technology,336,0.5634915914507017,1703955240286668809
1810,1,transport,336,0.5634915914507017,1703955240286668809
1810,237,climate_environment,336,0.5634915914507017,1703955240286668809
1810,5,finance,336,0.5634915914507017,1703955240286668809
1820,15,health,336,0.5829654347397384,1703955290148395039
1820,21,education,336,0.5829654347397384,1703955290148395039
1820,14,Agriculture,336,0.5829654347397384,1703955290148395039
1820,28,technology,336,0.5829654347397384,1703955290148395039
1820,1,transport,336,0.5829654347397384,1703955290148395039
1820,240,climate_environment,336,0.5829654347397384,1703955290148395039
1820,5,finance,336,0.5829654347397384,1703955290148395039
1830,15,health,336,0.613131290968329,1703955354572811212
1830,21,education,336,0.613131290968329,1703955354572811212
1830,14,Agriculture,336,0.613131290968329,1703955354572811212
1830,28,technology,336,0.613131290968329,1703955354572811212
1830,1,transport,336,0.613131290968329,1703955354572811212
1830,242,climate_environment,336,0.613131290968329,1703955354572811212
1830,5,finance,336,0.613131290968329,1703955354572811212
1840,16,health,336,0.6238812147141674,1703955405874705234
1840,21,education,336,0.6238812147141674,1703955405874705234
1840,14,Agriculture,336,0.6238812147141674,1703955405874705234
1840,28,technology,336,0.6238812147141674,1703955405874705234
1840,1,transport,336,0.6238812147141674,1703955405874705234
1840,245,climate_environment,336,0.6238812147141674,1703955405874705234
1840,5,finance,336,0.6238812147141674,1703955405874705234
1850,16,health,336,0.6238812147141674,1703955475146217428
1850,21,education,336,0.6238812147141674,1703955475146217428
1850,14,Agriculture,336,0.6238812147141674,1703955475146217428
1850,28,technology,336,0.6238812147141674,1703955475146217428
1850,1,transport,336,0.6238812147141674,1703955475146217428
1850,245,climate_environment,336,0.6238812147141674,1703955475146217428
1850,5,finance,336,0.6238812147141674,1703955475146217428
1860,16,health,336,0.6793981898962997,1703955660015688167
1860,21,education,336,0.6793981898962997,1703955660015688167
1860,14,Agriculture,336,0.6793981898962997,1703955660015688167
1860,28,technology,336,0.6793981898962997,1703955660015688167
1860,1,transport,336,0.6793981898962997,1703955660015688167
1860,246,climate_environment,336,0.6793981898962997,1703955660015688167
1860,5,finance,336,0.6793981898962997,1703955660015688167
1870,16,health,336,0.7074722917339615,1703955893476671845
1870,21,education,336,0.7074722917339615,1703955893476671845
1870,14,Agriculture,336,0.7074722917339615,1703955893476671845
1870,28,technology,336,0.7074722917339615,1703955893476671845
1870,1,transport,336,0.7074722917339615,1703955893476671845
1870,247,climate_environment,336,0.7074722917339615,1703955893476671845
1870,5,finance,336,0.7074722917339615,1703955893476671845
